{
  "UEs": [
    {
      "gridDetail": {
        "gridCenterX": 50,
        "gridCenterY": 250,
        "gridId": 20
      },
      "id": 27,
      "position": {
        "x": 4.76051,
        "y": 262.907
      },
      "samples": [
        {
          "neighborCells": [
            {
              "pci": 1,
              "rsrp": -65.6931,
              "rsrq": -11.2129,
              "rssi": -40.5008,
              "x": 250,
              "y": 150
            },
            {
              "pci": 5,
              "rsrp": -72.3072,
              "rsrq": -12.7324,
              "rssi": -45.5954,
              "x": 450,
              "y": 350
            },
            {
              "pci": 6,
              "rsrp": -60.1878,
              "rsrq": -10.8861,
              "rssi": -35.3223,
              "x": 150,
              "y": 550
            },
            {
              "pci": 8,
              "rsrp": -75.6454,
              "rsrq": -11.761,
              "rssi": -49.9049,
              "x": 550,
              "y": 650
            },
            {
              "pci": 9,
              "rsrp": -67.8066,
              "rsrq": -11.4039,
              "rssi": -42.4233,
              "x": 250,
              "y": 750
            }
          ],
          "sampleId": 0,
          "servingCell": {
            "pci": 4,
            "rsrp": -50.1315,
            "rsrq": -10.7972,
            "rssi": -25.3549,
            "sinr": 3.09645,
            "x": 150,
            "y": 350
          }
        },
        {
          "neighborCells": [
            {
              "pci": 1,
              "rsrp": -45.8992,
              "rsrq": -10.8005,
              "rssi": -21.1193,
              "x": 250,
              "y": 150
            },
            {
              "pci": 5,
              "rsrp": -55.65,
              "rsrq": -10.8251,
              "rssi": -30.8455,
              "x": 450,
              "y": 350
            },
            {
              "pci": 6,
              "rsrp": -62.5808,
              "rsrq": -10.9777,
              "rssi": -37.6237,
              "x": 150,
              "y": 550
            },
            {
              "pci": 8,
              "rsrp": -72.2287,
              "rsrq": -11.2341,
              "rssi": -47.0152,
              "x": 550,
              "y": 650
            },
            {
              "pci": 9,
              "rsrp": -70.6103,
              "rsrq": -11.4123,
              "rssi": -45.2187,
              "x": 250,
              "y": 750
            }
          ],
          "sampleId": 1,
          "servingCell": {
            "pci": 4,
            "rsrp": -59.8721,
            "rsrq": -10.9093,
            "rssi": -34.9834,
            "sinr": -2.81056,
            "x": 150,
            "y": 350
          }
        },
        {
          "neighborCells": [
            {
              "pci": 1,
              "rsrp": -64.2676,
              "rsrq": -10.9726,
              "rssi": -39.3156,
              "x": 250,
              "y": 150
            },
            {
              "pci": 5,
              "rsrp": -66.1902,
              "rsrq": -10.9667,
              "rssi": -41.244,
              "x": 450,
              "y": 350
            },
            {
              "pci": 6,
              "rsrp": -62.8088,
              "rsrq": -11.0679,
              "rssi": -37.7616,
              "x": 150,
              "y": 550
            },
            {
              "pci": 8,
              "rsrp": -63.3199,
              "rsrq": -10.9619,
              "rssi": -38.3786,
              "x": 550,
              "y": 650
            },
            {
              "pci": 9,
              "rsrp": -76.4404,
              "rsrq": -16.6064,
              "rssi": -45.8546,
              "x": 250,
              "y": 750
            }
          ],
          "sampleId": 2,
          "servingCell": {
            "pci": 4,
            "rsrp": -53.2491,
            "rsrq": -10.8093,
            "rssi": -28.4604,
            "sinr": -3.27346,
            "x": 150,
            "y": 350
          }
        },
        {
          "neighborCells": [
            {
              "pci": 1,
              "rsrp": -64.9097,
              "rsrq": -10.9621,
              "rssi": -39.9683,
              "x": 250,
              "y": 150
            },
            {
              "pci": 5,
              "rsrp": -66.1007,
              "rsrq": -11.2422,
              "rssi": -40.8791,
              "x": 450,
              "y": 350
            },
            {
              "pci": 6,
              "rsrp": -70.1662,
              "rsrq": -11.2553,
              "rssi": -44.9314,
              "x": 150,
              "y": 550
            },
            {
              "pci": 8,
              "rsrp": -64.4644,
              "rsrq": -11.067,
              "rssi": -39.4179,
              "x": 550,
              "y": 650
            },
            {
              "pci": 9,
              "rsrp": -73.5166,
              "rsrq": -11.4799,
              "rssi": -48.0572,
              "x": 250,
              "y": 750
            }
          ],
          "sampleId": 3,
          "servingCell": {
            "pci": 4,
            "rsrp": -64.4082,
            "rsrq": -10.9527,
            "rssi": -39.4761,
            "sinr": -10.833,
            "x": 150,
            "y": 350
          }
        },
        {
          "neighborCells": [
            {
              "pci": 1,
              "rsrp": -63.0536,
              "rsrq": -10.8826,
              "rssi": -38.1915,
              "x": 250,
              "y": 150
            },
            {
              "pci": 5,
              "rsrp": -64.8277,
              "rsrq": -11.4045,
              "rssi": -39.4437,
              "x": 450,
              "y": 350
            },
            {
              "pci": 6,
              "rsrp": -57.2293,
              "rsrq": -10.8236,
              "rssi": -32.4263,
              "x": 150,
              "y": 550
            },
            {
              "pci": 8,
              "rsrp": -73.2386,
              "rsrq": -13.3959,
              "rssi": -45.8633,
              "x": 550,
              "y": 650
            },
            {
              "pci": 9,
              "rsrp": -53.3025,
              "rsrq": -10.806,
              "rssi": -28.5171,
              "x": 250,
              "y": 750
            }
          ],
          "sampleId": 4,
          "servingCell": {
            "pci": 4,
            "rsrp": -62.4123,
            "rsrq": -10.9559,
            "rssi": -37.477,
            "sinr": -14.0722,
            "x": 150,
            "y": 350
          }
        }
      ]
    },
    {
      "gridDetail": {
        "gridCenterX": 950,
        "gridCenterY": 950,
        "gridId": 99
      },
      "id": 28,
      "position": {
        "x": 975.431,
        "y": 936.295
      },
      "samples": [
        {
          "neighborCells": [
            {
              "pci": 0,
              "rsrp": -66.9286,
              "rsrq": -11.4662,
              "rssi": -41.483,
              "x": 650,
              "y": 950
            },
            {
              "pci": 7,
              "rsrp": -70.8886,
              "rsrq": -12.3455,
              "rssi": -44.5637,
              "x": 850,
              "y": 550
            },
            {
              "pci": 8,
              "rsrp": -69.4566,
              "rsrq": -11.4729,
              "rssi": -44.0043,
              "x": 550,
              "y": 650
            },
            {
              "pci": 10,
              "rsrp": -60.3174,
              "rsrq": -10.8623,
              "rssi": -35.4757,
              "x": 950,
              "y": 750
            },
            {
              "pci": 11,
              "rsrp": -63.3533,
              "rsrq": -11.0277,
              "rssi": -38.3462,
              "x": 750,
              "y": 850
            },
            {
              "pci": 13,
              "rsrp": -68.1681,
              "rsrq": -11.2425,
              "rssi": -42.9462,
              "x": 550,
              "y": 950
            }
          ],
          "sampleId": 0,
          "servingCell": {
            "pci": 14,
            "rsrp": -42.1634,
            "rsrq": -10.7941,
            "rssi": -17.3899,
            "sinr": 11.2213,
            "x": 950,
            "y": 950
          }
        },
        {
          "neighborCells": [
            {
              "pci": 0,
              "rsrp": -55.081,
              "rsrq": -10.8487,
              "rssi": -30.2529,
              "x": 650,
              "y": 950
            },
            {
              "pci": 7,
              "rsrp": -67.195,
              "rsrq": -12.3204,
              "rssi": -40.8952,
              "x": 850,
              "y": 550
            },
            {
              "pci": 8,
              "rsrp": -65.3243,
              "rsrq": -11.1785,
              "rssi": -40.1663,
              "x": 550,
              "y": 650
            },
            {
              "pci": 10,
              "rsrp": -53.7272,
              "rsrq": -10.8215,
              "rssi": -28.9262,
              "x": 950,
              "y": 750
            },
            {
              "pci": 11,
              "rsrp": -65.3494,
              "rsrq": -11.1552,
              "rssi": -40.2148,
              "x": 750,
              "y": 850
            },
            {
              "pci": 13,
              "rsrp": -57.7684,
              "rsrq": -10.9065,
              "rssi": -32.8825,
              "x": 550,
              "y": 950
            }
          ],
          "sampleId": 1,
          "servingCell": {
            "pci": 14,
            "rsrp": -47.7925,
            "rsrq": -10.8173,
            "rssi": -22.9958,
            "sinr": -0.833525,
            "x": 950,
            "y": 950
          }
        },
        {
          "neighborCells": [
            {
              "pci": 0,
              "rsrp": -64.5708,
              "rsrq": -11.162,
              "rssi": -39.4293,
              "x": 650,
              "y": 950
            },
            {
              "pci": 7,
              "rsrp": -75.9729,
              "rsrq": -13.0329,
              "rssi": -48.9605,
              "x": 850,
              "y": 550
            },
            {
              "pci": 8,
              "rsrp": -65.2612,
              "rsrq": -11.1297,
              "rssi": -40.1522,
              "x": 550,
              "y": 650
            },
            {
              "pci": 10,
              "rsrp": -55.3935,
              "rsrq": -11.0544,
              "rssi": -30.3597,
              "x": 950,
              "y": 750
            },
            {
              "pci": 11,
              "rsrp": -62.282,
              "rsrq": -10.8861,
              "rssi": -37.4164,
              "x": 750,
              "y": 850
            },
            {
              "pci": 13,
              "rsrp": -69.4665,
              "rsrq": -11.9057,
              "rssi": -43.5814,
              "x": 550,
              "y": 950
            }
          ],
          "sampleId": 2,
          "servingCell": {
            "pci": 14,
            "rsrp": -40,
            "rsrq": -10.7926,
            "rssi": -15.228,
            "sinr": 14.1045,
            "x": 950,
            "y": 950
          }
        },
        {
          "neighborCells": [
            {
              "pci": 0,
              "rsrp": -63.4024,
              "rsrq": -11.5589,
              "rssi": -37.8642,
              "x": 650,
              "y": 950
            },
            {
              "pci": 7,
              "rsrp": -61.6443,
              "rsrq": -11.0323,
              "rssi": -36.6326,
              "x": 850,
              "y": 550
            },
            {
              "pci": 8,
              "rsrp": -72.31,
              "rsrq": -11.964,
              "rssi": -46.3666,
              "x": 550,
              "y": 650
            },
            {
              "pci": 10,
              "rsrp": -61.5351,
              "rsrq": -10.9901,
              "rssi": -36.5656,
              "x": 950,
              "y": 750
            },
            {
              "pci": 11,
              "rsrp": -56.0717,
              "rsrq": -10.8583,
              "rssi": -31.234,
              "x": 750,
              "y": 850
            },
            {
              "pci": 13,
              "rsrp": -55.3148,
              "rsrq": -10.8377,
              "rssi": -30.4977,
              "x": 550,
              "y": 950
            }
          ],
          "sampleId": 3,
          "servingCell": {
            "pci": 14,
            "rsrp": -40,
            "rsrq": -10.7929,
            "rssi": -15.2277,
            "sinr": 14.405,
            "x": 950,
            "y": 950
          }
        },
        {
          "neighborCells": [
            {
              "pci": 0,
              "rsrp": -63.8913,
              "rsrq": -11.135,
              "rssi": -38.777,
              "x": 650,
              "y": 950
            },
            {
              "pci": 7,
              "rsrp": -63.9374,
              "rsrq": -10.9829,
              "rssi": -38.9751,
              "x": 850,
              "y": 550
            },
            {
              "pci": 8,
              "rsrp": -77.3435,
              "rsrq": -13.7238,
              "rssi": -49.6403,
              "x": 550,
              "y": 650
            },
            {
              "pci": 10,
              "rsrp": -64.4331,
              "rsrq": -11.9112,
              "rssi": -38.5426,
              "x": 950,
              "y": 750
            },
            {
              "pci": 11,
              "rsrp": -60.6003,
              "rsrq": -11.7111,
              "rssi": -34.9098,
              "x": 750,
              "y": 850
            },
            {
              "pci": 13,
              "rsrp": -59.3011,
              "rsrq": -10.8451,
              "rssi": -34.4766,
              "x": 550,
              "y": 950
            }
          ],
          "sampleId": 4,
          "servingCell": {
            "pci": 14,
            "rsrp": -40,
            "rsrq": -10.793,
            "rssi": -15.2276,
            "sinr": 11.7292,
            "x": 950,
            "y": 950
          }
        }
      ]
    }
  ]
}